[
    {
      "id": 1,
      "priority": 1,
      "action": {
        "type": "modifyHeaders",
        "responseHeaders": [
          { "header": "X-Content-Type-Options", "operation": "append", "value": "nosniff" }
        ]
      },
      "condition": {
        "urlFilter": "*",
        "resourceTypes": ["main_frame", "sub_frame"]
      }
    },
    {
      "id": 2,
      "priority": 1,
      "action": {
        "type": "block"
      },
      "condition": {
        "urlFilter": "' OR '1'='1",
        "resourceTypes": ["main_frame", "sub_frame"]
      }
    }
  ]
  